-- phpMyAdmin SQL Dump
-- version 4.9.0.1
-- https://www.phpmyadmin.net/
--
-- ホスト: 127.0.0.1
-- 生成日時: 
-- サーバのバージョン： 10.4.6-MariaDB
-- PHP のバージョン: 7.3.9

SET SQL_MODE = "NO_AUTO_VALUE_ON_ZERO";
SET AUTOCOMMIT = 0;
START TRANSACTION;
SET time_zone = "+00:00";


/*!40101 SET @OLD_CHARACTER_SET_CLIENT=@@CHARACTER_SET_CLIENT */;
/*!40101 SET @OLD_CHARACTER_SET_RESULTS=@@CHARACTER_SET_RESULTS */;
/*!40101 SET @OLD_COLLATION_CONNECTION=@@COLLATION_CONNECTION */;
/*!40101 SET NAMES utf8mb4 */;

--
-- データベース: `healthcare`
--

-- --------------------------------------------------------

--
-- テーブルの構造 `act_table`
--

CREATE TABLE `act_table` (
  `id` int(11) NOT NULL,
  `user_id` int(12) NOT NULL,
  `date` date NOT NULL,
  `last_weight` int(12) DEFAULT NULL
) ENGINE=InnoDB DEFAULT CHARSET=latin1;

--
-- テーブルのデータのダンプ `act_table`
--

INSERT INTO `act_table` (`id`, `user_id`, `date`, `last_weight`) VALUES
(1, 13, '0000-00-00', NULL),
(2, 13, '2020-01-18', NULL),
(3, 13, '2020-01-18', NULL),
(4, 3, '2020-01-18', NULL),
(5, 3, '2020-01-18', NULL),
(6, 3, '2020-01-18', NULL),
(7, 3, '2020-01-18', NULL),
(8, 3, '2020-01-18', NULL),
(9, 3, '2020-01-18', NULL),
(10, 3, '2020-01-18', NULL),
(11, 3, '2020-01-18', NULL),
(12, 3, '2020-01-18', NULL),
(13, 3, '2020-01-18', NULL),
(14, 3, '2020-01-18', NULL),
(15, 3, '2020-01-18', NULL),
(16, 3, '2020-01-18', NULL),
(17, 3, '2020-01-18', NULL),
(18, 3, '2020-01-18', NULL),
(19, 3, '2020-01-18', NULL),
(20, 3, '2020-01-18', NULL),
(21, 3, '2020-01-18', 60),
(22, 10, '2020-01-18', NULL),
(23, 10, '2020-01-18', 78),
(24, 10, '2020-01-19', 78),
(25, 10, '2020-01-19', 80),
(26, 10, '2020-01-19', 100),
(27, 10, '2020-01-19', 100),
(28, 10, '2020-01-19', 100),
(29, 5, '2020-01-19', NULL),
(30, 5, '2020-01-19', NULL),
(31, 5, '2020-01-19', NULL),
(32, 5, '2020-01-19', 75),
(33, 5, '2020-01-19', 75),
(34, 5, '2020-01-19', 75),
(35, 5, '2020-01-19', 75),
(36, 5, '2020-01-19', 75),
(37, 5, '2020-01-19', 75),
(38, 5, '2020-01-19', 75),
(39, 5, '2020-01-21', 77),
(40, 5, '2020-01-21', 77),
(41, 5, '2020-01-21', 77),
(42, 10, '2020-01-21', 100),
(43, 10, '2020-01-21', 100),
(44, 14, '2020-01-21', 100),
(45, 14, '2020-01-21', 0),
(46, 14, '2020-01-21', 0),
(47, 14, '2020-01-21', 0),
(48, 14, '2020-01-21', 100),
(49, 14, '2020-01-21', 100),
(50, 10, '2020-01-21', 0),
(51, 10, '2020-01-21', 0),
(52, 10, '2020-01-21', 0),
(53, 10, '2020-01-21', 0),
(54, 10, '2020-01-21', 0),
(55, 10, '2020-01-21', 100),
(56, 10, '2020-01-21', 100),
(57, 10, '2020-01-21', 0),
(58, 10, '2020-01-21', 100),
(59, 16, '2020-01-24', 0),
(60, 16, '2020-01-24', 90),
(61, 16, '2020-01-24', 90),
(62, 9, '2020-01-24', 0),
(63, 9, '2020-01-24', 0),
(64, 9, '2020-01-24', 0),
(65, 9, '2020-01-24', 0),
(66, 9, '2020-01-24', 0),
(67, 9, '2020-01-24', 0),
(68, 9, '2020-01-24', 90),
(69, 6, '2020-01-24', 95),
(70, 6, '2020-01-24', 95),
(71, 6, '2020-01-24', 95),
(72, 6, '2020-01-24', 90),
(73, 17, '2020-01-24', 80),
(74, 17, '2020-01-24', 100),
(75, 17, '2020-01-24', 100),
(76, 3, '2020-01-25', 70),
(77, 18, '2020-01-25', 100),
(78, 18, '2020-01-25', 100),
(79, 18, '2020-01-25', 90),
(80, 18, '2020-01-25', 90);

-- --------------------------------------------------------

--
-- テーブルの構造 `menu_table`
--

CREATE TABLE `menu_table` (
  `id` int(11) NOT NULL,
  `item` varchar(128) CHARACTER SET utf8 COLLATE utf8_unicode_ci NOT NULL
) ENGINE=InnoDB DEFAULT CHARSET=latin1;

--
-- テーブルのデータのダンプ `menu_table`
--

INSERT INTO `menu_table` (`id`, `item`) VALUES
(1, 'コンディショニング運動'),
(2, 'スポーツ'),
(3, 'セルフケア'),
(4, 'ダンス'),
(5, 'ボランティア活動'),
(6, 'ランニング'),
(7, '運搬'),
(8, '音楽活動'),
(9, '家での活動'),
(10, '家での修繕作業'),
(11, '自転車'),
(12, '芝生や庭の手入れ'),
(13, '宗教的な活動'),
(14, '職業'),
(15, '水上・水中活動'),
(16, '性行動'),
(17, '多方面にわたる活動'),
(18, '釣りと狩り'),
(19, '冬季活動'),
(20, '不活動、安静〜安静に近い低強度活動'),
(21, '歩行');

-- --------------------------------------------------------

--
-- テーブルの構造 `mets_table`
--

CREATE TABLE `mets_table` (
  `id` int(12) NOT NULL,
  `mets` float NOT NULL,
  `time` int(12) NOT NULL,
  `menu_id` int(12) NOT NULL,
  `menu_name` varchar(128) CHARACTER SET utf8 COLLATE utf8_unicode_ci NOT NULL,
  `description` varchar(1024) CHARACTER SET utf8 COLLATE utf8_unicode_ci DEFAULT NULL
) ENGINE=InnoDB DEFAULT CHARSET=latin1;

--
-- テーブルのデータのダンプ `mets_table`
--

INSERT INTO `mets_table` (`id`, `mets`, `time`, `menu_id`, `menu_name`, `description`) VALUES
(1, 3.8, 21, 1, 'TVゲーム', 'アクティブビデオゲーム(例：Wii Fit)：ほどほどの労力(例：エアロビック、レジスタンス)'),
(2, 2.3, 46, 1, 'TVゲーム', 'アクティブビデオゲーム(例：Wii Fit)：楽な労力(例：バランス、ヨガ)'),
(3, 7.2, 10, 1, 'TVゲーム', 'アクティブビデオゲーム、アーケードゲーム(例：エクサゲーミング、ダンスダンスレボリューション)：きつい労力'),
(4, 12.3, 5, 1, 'なわとび', 'なわとび：全般'),
(5, 3, 30, 1, 'ピラティス', 'ピラティス：全般'),
(6, 4, 20, 1, 'パワーヨガ', 'ヨガ：パワー'),
(7, 5, 15, 1, '筋トレ', 'レジスタンス(ウェイト)トレーニング：スクワット、ゆっくりあるいは瞬発的な努力で training'),
(8, 6, 12, 1, '筋トレ', 'レジスタンストレーニング(ウェイトリフティング、フリーウェイト、マシーンの使用）、パワーリフティング、ボディービルディング、きつい労力'),
(9, 2.8, 33, 1, '筋トレ', '健康体操(例：腹筋運動、クランチ)：楽な労力'),
(10, 3.8, 21, 1, '筋トレ', '健康体操(例：腕立て伏せ、腹筋運動、懸垂、足や手を突き出す運動)：ほどほどの労力'),
(11, 5.8, 13, 2, '遊ぶ', 'こどもの遊びを大人が遊ぶ(例：けんけん遊び、フォースクエア、ドッジボール、公園の遊具、T-ボール、テザーボール、おはじきやビー玉遊び、アーケードゲーム)'),
(12, 4.8, 16, 2, 'ゴルフ', 'ゴルフ：全般'),
(13, 10, 7, 2, 'サッカー', 'サッカー：試合'),
(14, 5, 15, 2, '野球', 'ソフトボール、または野球：速い、あるいは遅い投球、全般'),
(15, 7.3, 10, 2, 'テニス', 'テニス：全般'),
(16, 8, 9, 2, 'バスケ', 'バスケットボール：試合'),
(17, 5.5, 13, 2, 'バドミントン', 'バドミントン：試合以外でのシングルとダブルス'),
(18, 7, 10, 2, 'ハンドボール', 'ハンドボール：試合'),
(19, 4, 20, 2, '卓球', '卓球'),
(20, 5.8, 13, 5, '遊ぶ', '歩いたり、走ったりして子どもと遊ぶ：きつい労力、活動時に限る'),
(21, 8, 9, 6, '走る', 'ジョギング：その場で'),
(22, 4.5, 17, 6, '走る', 'ジョギング：ミニトランポリンの上で'),
(23, 7, 10, 6, '走る', 'ジョギング：全般'),
(24, 6, 12, 6, '走る＆歩く', 'ジョギングと歩行の組み合わせ(ジョギングは10分未満)'),
(25, 6, 12, 6, '走る', 'ランニング：6.4km/時、107.3m/分'),
(26, 3, 30, 9, '育児', '子どもの世話：立位(例：着替えさせる、風呂に入れる、ブラシをかける、食事を食べさせる、たまに子どもを抱える)、ほどほどの労力'),
(27, 3.5, 24, 9, '掃除', '床磨き：手や膝をついて、浴室や浴槽磨き、ほどほどの労力'),
(28, 4.5, 17, 9, '掃除', '床磨き：立位、ゆっくり歩く、電気研磨機を使っての床磨き'),
(29, 4, 20, 9, '洗濯', '洗濯：洗濯物を干す、衣類の手洗い、ほどほどの労力'),
(30, 3.3, 26, 9, '掃除', '掃除：カーペットやフロアの掃き掃除、全般'),
(31, 3.5, 24, 9, '掃除', '掃除：モップがけ、立位、ほどほどの労力'),
(32, 3.5, 24, 9, '掃除', '掃除：重いまたは大きいものの掃除(例：洗車、窓掃除、車庫掃除)、ほどほどの労力'),
(33, 3.8, 21, 9, '掃除', '掃除：掃き掃除、ゆっくり、ほどほどの労力'),
(34, 3.3, 26, 9, '掃除', '掃除機をかける：全般、ほどほどの労力'),
(35, 3.3, 26, 9, '調理', '台所での活動：全般(例：調理、皿洗い、掃除)、ほどほどの労力'),
(36, 3.5, 24, 9, '調理', '調理や食事の準備：ほどほどの労力'),
(37, 5.8, 13, 9, '子どもと遊ぶ(全力)', '歩行やランニング：子どもと遊ぶ、きつい労力、活動時に限る'),
(38, 3.5, 24, 9, '子どもと遊ぶ', '歩行やランニング：子どもと遊ぶ、ほどほどの労力、活動時に限る'),
(39, 5, 15, 9, '動物と遊ぶ(全力)', '歩行やランニング：動物と遊ぶ、きつい労力、活動時に限る'),
(40, 4, 20, 9, '動物と遊ぶ(ほどほど)', '歩行やランニング：動物と遊ぶ、ほどほどの労力、活動時に限る'),
(41, 3, 30, 9, '動物と遊ぶ(楽)', '歩行やランニング：動物と遊ぶ、全般、楽な労力、活動時に限る'),
(42, 3.5, 24, 9, '犬の世話', '立位：犬のシャンプーをする'),
(43, 4, 20, 11, '自転車', '自転車に乗る：16.1km/時未満、レジャー、通勤、娯楽'),
(44, 3.8, 21, 14, '歩く(ゆっくり)', '歩行：4.0km/時、ゆっくり、11.3kg以上の重たい物を運ぶ'),
(45, 4.5, 17, 14, '歩く(少し速く)', '歩行：4.8km/時、ほどほどの速さ、11.3kg未満の軽い物を運ぶ'),
(46, 4.8, 16, 14, '歩く(速く)', '歩行：5.6km/時、速い、11.3kg未満の物を運ぶ'),
(47, 3, 30, 15, 'サーフィン', 'サーフィン：ボディサーフィン、ボードサーフィン、全般'),
(48, 9.8, 7, 15, '水泳', '往復水泳：自由形、速い、きつい労力'),
(49, 4.5, 17, 15, '水中歩行', '水中歩行：ほどほどの労力、ほどほどの速さ'),
(50, 4, 20, 21, '階段上る(ゆっくり)', '階段を上る：ゆっくり'),
(51, 8.8, 8, 21, '階段上る(速く)', '階段を上る：速い'),
(52, 6.3, 11, 21, '山登り', '山を登る：荷物なし'),
(53, 3.3, 26, 21, '歩く(下り坂)', '歩行：4.0km/時、下り坂'),
(54, 3, 30, 21, '歩く(平地)', '歩行：4.0km/時、平らで固い地面');

-- --------------------------------------------------------

--
-- テーブルの構造 `user_table`
--

CREATE TABLE `user_table` (
  `id` int(12) NOT NULL,
  `name` varchar(128) CHARACTER SET utf8 COLLATE utf8_unicode_ci NOT NULL,
  `lid` varchar(64) NOT NULL,
  `mail` varchar(256) NOT NULL,
  `lpw` varchar(128) NOT NULL,
  `group_id` int(12) NOT NULL,
  `mets_id` int(12) NOT NULL
) ENGINE=InnoDB DEFAULT CHARSET=latin1;

--
-- テーブルのデータのダンプ `user_table`
--

INSERT INTO `user_table` (`id`, `name`, `lid`, `mail`, `lpw`, `group_id`, `mets_id`) VALUES
(1, '', 'aaa', 'aaa@aaa.aaa', 'aaa', 1, 1),
(2, '', 'bbb', 'bbb@bbb.bbb', 'bbb', 2, 2),
(3, 'ccc', 'ccc', 'ccc@ccc.ccc', 'ccc', 0, 26),
(4, 'ddd', 'ddd', 'ddd@ddd.ddd', 'ddd', 0, 0),
(5, 'eee', 'eee', 'eee@eee.eee', 'eee', 0, 0),
(6, 'fff', 'fff', 'fff@fff.fff', 'fff', 0, 0),
(7, 'ggg', 'ggg', 'ggg@ggg.ggg', 'ggg', 0, 0),
(8, 'eee', 'eee', 'eee@eee.eee', 'eee', 0, 0),
(9, 'hhh', 'hhh', 'hhh@hhh.hhh', 'hhh', 0, 5),
(10, 'iii', 'iii', 'iii@iii.iiii', 'iii', 0, 0),
(11, 'jjjj', 'jj', 'jjj@jjj.jjj', 'jjj', 0, 0),
(12, 'kkk', 'kkk', 'kkk@kkk.kkk', 'kkk', 0, 0),
(13, 'lll', 'lll', 'lll@lll.lll', 'lll', 0, 0),
(14, 'mmm', 'mmm', 'mmm@mmm.mmm', 'mmm', 0, 0),
(16, 'nnn', 'nnn', 'nnn@nnn.nnn', 'nnn', 0, 3),
(17, 'ooo', 'ooo', 'ooo@ooo.ooo', 'ooo', 0, 10),
(18, 'ppp', 'ppp', 'ppp@ppp.ppp', 'ppp', 0, 8);

-- --------------------------------------------------------

--
-- テーブルの構造 `weight_table`
--

CREATE TABLE `weight_table` (
  `id` int(11) NOT NULL,
  `user_id` int(11) NOT NULL,
  `weight` int(11) NOT NULL,
  `date` date NOT NULL
) ENGINE=InnoDB DEFAULT CHARSET=latin1;

--
-- テーブルのデータのダンプ `weight_table`
--

INSERT INTO `weight_table` (`id`, `user_id`, `weight`, `date`) VALUES
(1, 0, 70, '2020-01-11'),
(2, 3, 70, '2020-01-12'),
(3, 3, 75, '2020-01-13'),
(4, 4, 90, '2020-01-14'),
(5, 13, 100, '2020-01-16'),
(6, 13, 50, '2020-01-17'),
(7, 13, 60, '2020-01-17'),
(8, 13, 65, '2020-01-17'),
(9, 3, 60, '2020-01-18'),
(10, 3, 70, '2020-01-18'),
(11, 10, 80, '2020-01-18'),
(12, 10, 78, '2020-01-18'),
(13, 10, 80, '2020-01-19'),
(14, 10, 100, '2020-01-19'),
(15, 10, 100, '2020-01-19'),
(16, 5, 70, '2020-01-19'),
(17, 5, 72, '2020-01-19'),
(18, 5, 75, '2020-01-19'),
(19, 5, 77, '2020-01-21'),
(20, 10, 100, '2020-01-21'),
(21, 14, 100, '2020-01-21'),
(22, 16, 90, '2020-01-24'),
(23, 9, 90, '2020-01-24'),
(24, 6, 95, '2020-01-24'),
(25, 6, 90, '2020-01-24'),
(26, 17, 80, '2020-01-24'),
(27, 17, 100, '2020-01-24'),
(28, 18, 100, '2020-01-25'),
(29, 18, 90, '2020-01-25');

--
-- ダンプしたテーブルのインデックス
--

--
-- テーブルのインデックス `act_table`
--
ALTER TABLE `act_table`
  ADD PRIMARY KEY (`id`);

--
-- テーブルのインデックス `menu_table`
--
ALTER TABLE `menu_table`
  ADD PRIMARY KEY (`id`);

--
-- テーブルのインデックス `user_table`
--
ALTER TABLE `user_table`
  ADD PRIMARY KEY (`id`);

--
-- テーブルのインデックス `weight_table`
--
ALTER TABLE `weight_table`
  ADD PRIMARY KEY (`id`);

--
-- ダンプしたテーブルのAUTO_INCREMENT
--

--
-- テーブルのAUTO_INCREMENT `act_table`
--
ALTER TABLE `act_table`
  MODIFY `id` int(11) NOT NULL AUTO_INCREMENT, AUTO_INCREMENT=81;

--
-- テーブルのAUTO_INCREMENT `menu_table`
--
ALTER TABLE `menu_table`
  MODIFY `id` int(11) NOT NULL AUTO_INCREMENT, AUTO_INCREMENT=22;

--
-- テーブルのAUTO_INCREMENT `user_table`
--
ALTER TABLE `user_table`
  MODIFY `id` int(12) NOT NULL AUTO_INCREMENT, AUTO_INCREMENT=19;

--
-- テーブルのAUTO_INCREMENT `weight_table`
--
ALTER TABLE `weight_table`
  MODIFY `id` int(11) NOT NULL AUTO_INCREMENT, AUTO_INCREMENT=30;
COMMIT;

/*!40101 SET CHARACTER_SET_CLIENT=@OLD_CHARACTER_SET_CLIENT */;
/*!40101 SET CHARACTER_SET_RESULTS=@OLD_CHARACTER_SET_RESULTS */;
/*!40101 SET COLLATION_CONNECTION=@OLD_COLLATION_CONNECTION */;
